doc_id,hawkish_hits,dovish_hits,net_tone,tone_group
1,0,5,-5,dovish
4,0,6,-6,dovish
5,0,2,-2,dovish
11,0,3,-3,dovish
12,0,2,-2,dovish
34,0,3,-3,dovish
35,2,0,2,hawkish
54,0,7,-7,dovish
57,0,2,-2,dovish
64,0,3,-3,dovish
69,3,0,3,hawkish
75,3,0,3,hawkish
88,0,5,-5,dovish
89,0,12,-12,dovish
93,0,3,-3,dovish
95,0,7,-7,dovish
97,0,4,-4,dovish
98,0,4,-4,dovish
101,0,9,-9,dovish
104,0,2,-2,dovish
110,0,3,-3,dovish
112,0,4,-4,dovish
113,0,4,-4,dovish
115,0,2,-2,dovish
116,0,18,-18,dovish
117,0,3,-3,dovish
121,3,0,3,hawkish
122,0,2,-2,dovish
124,0,2,-2,dovish
125,0,11,-11,dovish
131,0,4,-4,dovish
134,0,6,-6,dovish
135,0,3,-3,dovish
138,0,7,-7,dovish
151,0,2,-2,dovish
156,0,7,-7,dovish
159,3,0,3,hawkish
163,0,3,-3,dovish
164,3,0,3,hawkish
165,0,2,-2,dovish
167,0,11,-11,dovish
172,2,0,2,hawkish
181,2,0,2,hawkish
192,0,5,-5,dovish
193,0,2,-2,dovish
194,0,2,-2,dovish
197,0,2,-2,dovish
201,2,0,2,hawkish
202,0,2,-2,dovish
207,0,3,-3,dovish
215,0,4,-4,dovish
220,0,2,-2,dovish
222,4,0,4,hawkish
234,5,0,5,hawkish
237,0,2,-2,dovish
239,0,5,-5,dovish
248,0,5,-5,dovish
254,0,13,-13,dovish
256,0,2,-2,dovish
266,0,4,-4,dovish
275,0,3,-3,dovish
297,0,6,-6,dovish
304,0,6,-6,dovish
305,0,2,-2,dovish
311,6,0,6,hawkish
325,6,0,6,hawkish
336,0,5,-5,dovish
339,0,5,-5,dovish
348,5,0,5,hawkish
353,2,0,2,hawkish
356,0,4,-4,dovish
359,6,0,6,hawkish
368,2,0,2,hawkish
373,0,3,-3,dovish
375,4,0,4,hawkish
376,2,0,2,hawkish
378,2,0,2,hawkish
391,0,2,-2,dovish
395,0,2,-2,dovish
402,0,4,-4,dovish
406,0,2,-2,dovish
410,0,2,-2,dovish
420,3,0,3,hawkish
426,0,3,-3,dovish
431,0,13,-13,dovish
432,0,2,-2,dovish
434,0,4,-4,dovish
435,0,12,-12,dovish
437,0,11,-11,dovish
438,0,6,-6,dovish
439,0,11,-11,dovish
440,0,8,-8,dovish
444,0,2,-2,dovish
447,0,4,-4,dovish
448,4,0,4,hawkish
449,0,5,-5,dovish
453,0,2,-2,dovish
458,2,0,2,hawkish
461,0,2,-2,dovish
462,0,4,-4,dovish
463,0,2,-2,dovish
468,0,2,-2,dovish
475,0,11,-11,dovish
479,0,4,-4,dovish
483,3,0,3,hawkish
490,0,5,-5,dovish
491,0,2,-2,dovish
492,0,2,-2,dovish
497,0,4,-4,dovish
498,0,2,-2,dovish
499,0,4,-4,dovish
511,0,3,-3,dovish
512,0,3,-3,dovish
514,0,5,-5,dovish
516,0,2,-2,dovish
519,0,2,-2,dovish
528,0,2,-2,dovish
533,0,3,-3,dovish
535,0,3,-3,dovish
536,2,0,2,hawkish
539,0,3,-3,dovish
541,0,4,-4,dovish
546,0,6,-6,dovish
550,0,16,-16,dovish
551,0,2,-2,dovish
552,0,3,-3,dovish
554,0,2,-2,dovish
556,0,2,-2,dovish
580,2,0,2,hawkish
582,0,8,-8,dovish
587,0,2,-2,dovish
588,0,2,-2,dovish
589,0,2,-2,dovish
592,0,3,-3,dovish
600,0,2,-2,dovish
603,0,2,-2,dovish
606,0,2,-2,dovish
614,3,0,3,hawkish
620,0,6,-6,dovish
623,0,2,-2,dovish
626,3,0,3,hawkish
637,2,0,2,hawkish
656,0,3,-3,dovish
657,0,4,-4,dovish
658,0,2,-2,dovish
662,0,6,-6,dovish
664,0,3,-3,dovish
669,0,3,-3,dovish
673,0,2,-2,dovish
674,4,0,4,hawkish
676,2,0,2,hawkish
677,0,3,-3,dovish
679,0,2,-2,dovish
681,2,0,2,hawkish
685,0,2,-2,dovish
687,0,3,-3,dovish
688,27,0,27,hawkish
697,0,2,-2,dovish
699,0,5,-5,dovish
701,0,4,-4,dovish
708,0,2,-2,dovish
713,0,2,-2,dovish
720,0,3,-3,dovish
723,0,2,-2,dovish
725,0,7,-7,dovish
728,2,0,2,hawkish
743,0,3,-3,dovish
748,2,0,2,hawkish
752,3,0,3,hawkish
756,0,2,-2,dovish
757,10,0,10,hawkish
761,0,4,-4,dovish
768,0,6,-6,dovish
772,4,0,4,hawkish
776,0,3,-3,dovish
781,6,0,6,hawkish
783,12,0,12,hawkish
797,0,2,-2,dovish
806,5,0,5,hawkish
811,5,0,5,hawkish
816,0,8,-8,dovish
824,5,0,5,hawkish
825,2,0,2,hawkish
833,0,5,-5,dovish
834,2,0,2,hawkish
844,3,0,3,hawkish
847,3,0,3,hawkish
849,0,2,-2,dovish
850,6,0,6,hawkish
852,0,5,-5,dovish
857,0,2,-2,dovish
860,2,0,2,hawkish
862,6,0,6,hawkish
864,7,0,7,hawkish
901,5,0,5,hawkish
912,0,7,-7,dovish
914,2,0,2,hawkish
919,0,2,-2,dovish
923,0,11,-11,dovish
936,0,4,-4,dovish
938,0,12,-12,dovish
955,0,2,-2,dovish
968,2,0,2,hawkish
980,0,5,-5,dovish
982,0,2,-2,dovish
989,4,0,4,hawkish
992,0,2,-2,dovish
993,2,0,2,hawkish
1001,2,0,2,hawkish
1008,0,6,-6,dovish
1018,2,0,2,hawkish
1022,2,0,2,hawkish
1026,2,0,2,hawkish
1030,0,2,-2,dovish
1041,3,0,3,hawkish
1049,0,2,-2,dovish
1050,0,2,-2,dovish
1053,0,4,-4,dovish
1059,0,3,-3,dovish
1062,0,5,-5,dovish
1080,4,0,4,hawkish
1081,0,3,-3,dovish
1095,0,9,-9,dovish
1099,2,0,2,hawkish
1115,2,0,2,hawkish
1117,9,0,9,hawkish
1128,0,2,-2,dovish
1137,0,6,-6,dovish
1138,2,0,2,hawkish
1141,0,3,-3,dovish
1151,3,0,3,hawkish
1153,0,2,-2,dovish
1165,0,2,-2,dovish
1175,0,3,-3,dovish
1177,3,0,3,hawkish
1178,0,3,-3,dovish
1179,2,0,2,hawkish
1180,0,4,-4,dovish
1181,0,5,-5,dovish
1184,2,0,2,hawkish
1190,0,8,-8,dovish
1208,2,0,2,hawkish
1209,6,0,6,hawkish
1211,6,0,6,hawkish
1212,0,2,-2,dovish
1218,0,7,-7,dovish
1223,0,2,-2,dovish
1227,3,0,3,hawkish
1233,0,2,-2,dovish
1235,0,10,-10,dovish
1239,0,2,-2,dovish
1245,0,3,-3,dovish
1250,0,9,-9,dovish
1255,0,3,-3,dovish
1256,0,3,-3,dovish
1262,5,0,5,hawkish
1293,4,0,4,hawkish
1311,3,0,3,hawkish
1320,0,2,-2,dovish
1322,4,0,4,hawkish
1326,0,4,-4,dovish
1330,0,3,-3,dovish
1335,0,8,-8,dovish
1340,0,2,-2,dovish
1343,0,2,-2,dovish
1352,0,4,-4,dovish
1363,0,7,-7,dovish
1364,0,2,-2,dovish
1366,2,0,2,hawkish
1377,4,0,4,hawkish
1379,2,0,2,hawkish
1394,0,2,-2,dovish
1397,0,4,-4,dovish
1398,4,0,4,hawkish
1403,2,0,2,hawkish
1409,2,0,2,hawkish
1429,0,5,-5,dovish
1432,6,0,6,hawkish
1437,2,0,2,hawkish
1451,0,2,-2,dovish
1452,0,8,-8,dovish
1456,0,2,-2,dovish
1457,0,2,-2,dovish
1463,0,2,-2,dovish
1466,0,3,-3,dovish
1472,0,3,-3,dovish
1475,0,2,-2,dovish
1488,0,3,-3,dovish
1498,0,2,-2,dovish
1507,0,4,-4,dovish
1519,2,0,2,hawkish
1524,0,2,-2,dovish
1530,0,3,-3,dovish
1531,0,6,-6,dovish
1537,3,0,3,hawkish
1540,0,3,-3,dovish
1543,0,3,-3,dovish
1544,2,0,2,hawkish
1547,0,2,-2,dovish
1554,0,3,-3,dovish
1557,2,0,2,hawkish
1561,0,3,-3,dovish
1571,0,9,-9,dovish
1574,3,0,3,hawkish
1579,0,3,-3,dovish
1587,0,3,-3,dovish
1588,0,3,-3,dovish
1604,0,2,-2,dovish
1615,0,3,-3,dovish
1619,0,5,-5,dovish
1620,0,2,-2,dovish
1622,3,0,3,hawkish
1623,4,0,4,hawkish
1626,0,2,-2,dovish
1630,0,4,-4,dovish
1631,0,3,-3,dovish
1633,4,0,4,hawkish
1645,0,6,-6,dovish
1649,0,3,-3,dovish
1658,0,3,-3,dovish
1662,0,10,-10,dovish
1664,0,4,-4,dovish
1665,0,5,-5,dovish
1668,0,6,-6,dovish
1669,0,4,-4,dovish
1681,0,3,-3,dovish
1682,0,4,-4,dovish
1691,3,0,3,hawkish
1694,0,2,-2,dovish
1695,0,4,-4,dovish
1698,3,0,3,hawkish
1706,0,8,-8,dovish
1709,2,0,2,hawkish
1716,0,4,-4,dovish
1732,0,4,-4,dovish
1748,0,2,-2,dovish
1749,0,5,-5,dovish
1761,0,2,-2,dovish
1762,0,6,-6,dovish
1763,0,2,-2,dovish
1766,4,0,4,hawkish
1770,0,2,-2,dovish
1778,0,2,-2,dovish
1780,0,2,-2,dovish
1788,0,2,-2,dovish
1789,0,2,-2,dovish
1790,0,3,-3,dovish
1792,0,3,-3,dovish
1796,2,0,2,hawkish
1802,0,3,-3,dovish
1805,0,8,-8,dovish
1808,0,4,-4,dovish
1809,2,0,2,hawkish
1812,0,2,-2,dovish
1813,0,8,-8,dovish
1818,2,0,2,hawkish
1823,2,0,2,hawkish
1828,0,2,-2,dovish
1840,0,13,-13,dovish
1846,0,7,-7,dovish
1854,0,9,-9,dovish
1855,0,5,-5,dovish
1859,0,6,-6,dovish
1864,0,2,-2,dovish
1873,0,3,-3,dovish
1877,0,7,-7,dovish
1880,0,2,-2,dovish
1885,0,2,-2,dovish
1892,0,13,-13,dovish
1895,0,2,-2,dovish
1902,0,5,-5,dovish
1908,0,2,-2,dovish
1918,0,9,-9,dovish
1921,0,3,-3,dovish
1931,0,3,-3,dovish
1939,0,3,-3,dovish
1941,0,3,-3,dovish
1947,0,10,-10,dovish
1961,0,7,-7,dovish
1962,0,4,-4,dovish
1970,0,4,-4,dovish
1974,0,7,-7,dovish
1977,0,2,-2,dovish
1981,0,21,-21,dovish
2010,0,3,-3,dovish
2014,0,11,-11,dovish
2018,0,4,-4,dovish
2019,0,8,-8,dovish
2023,0,5,-5,dovish
2024,0,7,-7,dovish
2030,0,12,-12,dovish
2033,0,2,-2,dovish
2035,0,10,-10,dovish
2039,0,21,-21,dovish
2043,0,9,-9,dovish
2044,0,12,-12,dovish
2046,0,5,-5,dovish
2049,0,3,-3,dovish
2053,0,2,-2,dovish
2057,0,5,-5,dovish
2058,0,7,-7,dovish
2060,0,10,-10,dovish
2068,0,3,-3,dovish
2069,0,9,-9,dovish
2070,0,14,-14,dovish
2074,0,2,-2,dovish
2082,0,7,-7,dovish
2094,0,6,-6,dovish
2096,0,20,-20,dovish
2097,0,3,-3,dovish
2098,0,6,-6,dovish
2103,0,28,-28,dovish
2105,0,2,-2,dovish
2117,0,8,-8,dovish
2125,2,0,2,hawkish
2129,0,2,-2,dovish
2136,0,31,-31,dovish
2139,0,7,-7,dovish
2144,0,3,-3,dovish
2151,0,5,-5,dovish
2161,0,2,-2,dovish
2163,0,7,-7,dovish
2172,2,0,2,hawkish
2174,0,6,-6,dovish
2177,0,2,-2,dovish
2188,0,3,-3,dovish
2190,0,3,-3,dovish
2194,0,2,-2,dovish
2199,0,3,-3,dovish
2204,0,2,-2,dovish
2208,3,0,3,hawkish
2224,0,7,-7,dovish
2230,0,2,-2,dovish
2242,0,2,-2,dovish
2244,0,2,-2,dovish
2246,0,4,-4,dovish
2248,0,2,-2,dovish
2256,0,4,-4,dovish
2276,0,2,-2,dovish
2284,0,2,-2,dovish
2285,0,4,-4,dovish
2290,0,2,-2,dovish
2297,0,5,-5,dovish
2319,0,3,-3,dovish
2331,0,3,-3,dovish
2336,0,2,-2,dovish
2345,0,9,-9,dovish
2346,0,2,-2,dovish
2347,0,2,-2,dovish
2354,2,0,2,hawkish
2369,0,3,-3,dovish
2383,0,18,-18,dovish
2388,0,6,-6,dovish
2391,0,2,-2,dovish
2404,0,5,-5,dovish
2409,0,8,-8,dovish
2417,0,3,-3,dovish
2428,0,2,-2,dovish
2430,0,4,-4,dovish
2433,0,4,-4,dovish
2452,0,2,-2,dovish
2453,0,13,-13,dovish
2456,0,3,-3,dovish
2457,0,4,-4,dovish
2463,2,0,2,hawkish
2467,0,2,-2,dovish
2476,0,7,-7,dovish
2477,0,9,-9,dovish
2481,0,4,-4,dovish
2490,0,7,-7,dovish
2499,2,0,2,hawkish
2501,0,3,-3,dovish
2507,0,6,-6,dovish
2511,3,0,3,hawkish
2512,2,0,2,hawkish
2515,0,2,-2,dovish
2563,2,0,2,hawkish
2565,15,0,15,hawkish
2572,6,0,6,hawkish
2583,0,2,-2,dovish
2593,3,0,3,hawkish
2604,0,2,-2,dovish
2612,0,2,-2,dovish
2630,2,0,2,hawkish
2639,2,0,2,hawkish
2652,0,4,-4,dovish
2654,3,0,3,hawkish
2664,0,2,-2,dovish
2667,4,0,4,hawkish
2668,2,0,2,hawkish
2670,0,3,-3,dovish
2673,0,2,-2,dovish
2675,0,3,-3,dovish
2678,0,3,-3,dovish
2679,0,3,-3,dovish
2689,2,0,2,hawkish
2699,0,2,-2,dovish
2712,0,18,-18,dovish
2716,5,0,5,hawkish
2718,3,0,3,hawkish
2724,5,0,5,hawkish
2727,3,0,3,hawkish
2730,5,0,5,hawkish
2736,2,0,2,hawkish
2745,2,0,2,hawkish
2746,0,2,-2,dovish
2748,0,3,-3,dovish
2754,0,3,-3,dovish
2768,0,5,-5,dovish
2769,0,2,-2,dovish
2770,0,4,-4,dovish
2774,0,3,-3,dovish
2775,0,2,-2,dovish
2777,0,3,-3,dovish
2791,0,3,-3,dovish
2793,0,2,-2,dovish
2800,0,2,-2,dovish
2801,0,2,-2,dovish
2805,0,4,-4,dovish
2814,2,0,2,hawkish
2817,2,0,2,hawkish
2818,2,0,2,hawkish
2829,0,4,-4,dovish
2832,2,0,2,hawkish
2833,0,2,-2,dovish
2838,3,0,3,hawkish
2839,0,8,-8,dovish
2845,2,0,2,hawkish
2848,0,4,-4,dovish
2849,0,4,-4,dovish
2869,0,4,-4,dovish
2878,0,2,-2,dovish
2882,0,2,-2,dovish
2898,0,2,-2,dovish
2902,0,2,-2,dovish
2905,0,2,-2,dovish
2912,0,3,-3,dovish
2926,0,9,-9,dovish
2932,0,2,-2,dovish
2938,0,3,-3,dovish
2951,2,0,2,hawkish
2954,2,0,2,hawkish
2956,0,2,-2,dovish
2963,0,8,-8,dovish
2968,0,2,-2,dovish
2972,0,2,-2,dovish
2976,0,7,-7,dovish
2981,0,3,-3,dovish
2993,0,9,-9,dovish
3002,0,13,-13,dovish
3007,0,6,-6,dovish
3008,0,2,-2,dovish
3009,0,7,-7,dovish
3011,0,2,-2,dovish
3014,0,3,-3,dovish
3021,0,10,-10,dovish
3025,0,3,-3,dovish
3037,0,2,-2,dovish
3039,0,2,-2,dovish
3041,0,3,-3,dovish
3043,0,39,-39,dovish
3058,0,14,-14,dovish
3065,0,8,-8,dovish
3066,0,7,-7,dovish
3074,0,5,-5,dovish
3084,0,3,-3,dovish
3089,2,0,2,hawkish
3091,0,10,-10,dovish
3116,0,2,-2,dovish
3117,0,4,-4,dovish
3118,0,2,-2,dovish
3119,0,7,-7,dovish
3120,0,3,-3,dovish
3129,3,0,3,hawkish
3130,0,10,-10,dovish
3133,0,5,-5,dovish
3138,0,11,-11,dovish
3143,0,11,-11,dovish
3144,0,2,-2,dovish
3153,0,12,-12,dovish
3160,0,2,-2,dovish
3164,0,2,-2,dovish
3166,0,2,-2,dovish
3185,2,0,2,hawkish
3191,0,2,-2,dovish
3201,0,7,-7,dovish
3204,0,2,-2,dovish
3215,0,2,-2,dovish
3222,0,2,-2,dovish
3228,0,3,-3,dovish
3250,0,3,-3,dovish
3252,0,2,-2,dovish
3266,0,2,-2,dovish
3271,0,24,-24,dovish
3279,0,9,-9,dovish
3302,0,3,-3,dovish
3306,0,2,-2,dovish
3327,0,2,-2,dovish
3329,0,7,-7,dovish
3332,0,7,-7,dovish
3348,0,15,-15,dovish
3349,0,6,-6,dovish
3399,0,8,-8,dovish
3418,0,5,-5,dovish
3425,0,12,-12,dovish
3428,0,3,-3,dovish
3429,0,6,-6,dovish
3442,0,4,-4,dovish
3444,0,4,-4,dovish
3455,0,3,-3,dovish
3459,0,5,-5,dovish
3462,0,5,-5,dovish
3463,0,2,-2,dovish
3464,0,3,-3,dovish
3469,0,5,-5,dovish
3471,0,2,-2,dovish
3472,0,4,-4,dovish
3475,0,7,-7,dovish
3483,0,2,-2,dovish
3498,0,3,-3,dovish
3501,0,3,-3,dovish
3521,0,2,-2,dovish
3522,0,3,-3,dovish
3526,0,8,-8,dovish
3530,0,7,-7,dovish
3532,2,0,2,hawkish
3535,0,2,-2,dovish
3556,0,2,-2,dovish
3563,0,6,-6,dovish
3565,0,15,-15,dovish
3582,0,2,-2,dovish
3609,0,21,-21,dovish
3629,0,6,-6,dovish
3637,0,7,-7,dovish
3639,0,3,-3,dovish
3654,0,2,-2,dovish
3657,0,2,-2,dovish
3661,0,4,-4,dovish
3664,0,9,-9,dovish
3668,0,4,-4,dovish
3670,0,6,-6,dovish
3671,0,12,-12,dovish
3674,0,2,-2,dovish
3683,0,2,-2,dovish
3688,0,4,-4,dovish
3693,0,5,-5,dovish
3697,0,5,-5,dovish
3705,0,7,-7,dovish
3707,0,3,-3,dovish
3709,0,2,-2,dovish
3718,0,4,-4,dovish
3723,0,3,-3,dovish
3730,0,2,-2,dovish
3731,0,4,-4,dovish
3732,0,5,-5,dovish
3734,2,0,2,hawkish
3735,0,6,-6,dovish
3746,0,2,-2,dovish
3750,0,2,-2,dovish
3758,0,2,-2,dovish
3772,0,11,-11,dovish
3774,0,2,-2,dovish
3778,0,13,-13,dovish
3783,0,5,-5,dovish
3784,0,2,-2,dovish
3786,4,0,4,hawkish
3792,0,4,-4,dovish
3796,0,4,-4,dovish
3797,2,0,2,hawkish
3798,0,4,-4,dovish
3807,0,5,-5,dovish
3811,0,2,-2,dovish
3813,0,2,-2,dovish
3816,2,0,2,hawkish
3818,0,7,-7,dovish
3835,0,13,-13,dovish
3837,0,10,-10,dovish
3843,0,2,-2,dovish
3858,0,3,-3,dovish
3869,7,0,7,hawkish
3873,0,5,-5,dovish
3875,0,6,-6,dovish
3886,0,3,-3,dovish
3901,3,0,3,hawkish
3915,0,13,-13,dovish
3920,0,3,-3,dovish
3926,0,2,-2,dovish
3931,0,5,-5,dovish
3933,0,2,-2,dovish
3934,0,3,-3,dovish
3938,0,6,-6,dovish
3941,0,4,-4,dovish
3943,0,2,-2,dovish
3948,0,3,-3,dovish
3953,0,13,-13,dovish
3956,0,9,-9,dovish
3959,0,14,-14,dovish
3961,0,11,-11,dovish
3964,0,22,-22,dovish
3968,0,9,-9,dovish
3975,0,15,-15,dovish
3976,0,2,-2,dovish
3977,0,6,-6,dovish
3980,0,6,-6,dovish
3985,0,4,-4,dovish
4015,0,11,-11,dovish
4018,0,5,-5,dovish
4023,0,3,-3,dovish
4039,0,8,-8,dovish
4042,0,2,-2,dovish
4043,0,8,-8,dovish
4044,0,6,-6,dovish
4045,0,8,-8,dovish
4074,0,3,-3,dovish
4088,0,3,-3,dovish
4110,0,4,-4,dovish
4111,0,7,-7,dovish
4119,0,2,-2,dovish
4124,0,3,-3,dovish
4126,0,2,-2,dovish
4128,0,2,-2,dovish
4134,0,2,-2,dovish
4136,0,3,-3,dovish
4145,0,3,-3,dovish
4162,0,2,-2,dovish
4164,0,8,-8,dovish
4177,0,8,-8,dovish
4181,0,2,-2,dovish
4196,0,2,-2,dovish
4201,0,6,-6,dovish
4206,0,2,-2,dovish
4231,0,2,-2,dovish
4246,2,0,2,hawkish
4254,2,0,2,hawkish
4255,0,2,-2,dovish
4262,0,4,-4,dovish
4283,0,3,-3,dovish
4286,0,7,-7,dovish
4293,2,0,2,hawkish
4301,0,3,-3,dovish
4306,0,3,-3,dovish
4318,0,10,-10,dovish
4328,0,2,-2,dovish
4330,0,2,-2,dovish
4331,2,0,2,hawkish
4345,0,2,-2,dovish
4350,2,0,2,hawkish
4368,2,0,2,hawkish
4370,0,2,-2,dovish
4371,0,3,-3,dovish
4374,3,0,3,hawkish
4381,0,2,-2,dovish
4411,0,2,-2,dovish
4415,0,4,-4,dovish
4418,0,2,-2,dovish
4454,0,3,-3,dovish
4461,0,6,-6,dovish
4469,0,3,-3,dovish
4481,0,5,-5,dovish
4486,0,4,-4,dovish
4488,0,3,-3,dovish
4493,0,3,-3,dovish
4497,0,3,-3,dovish
4501,3,0,3,hawkish
4515,7,0,7,hawkish
4521,0,6,-6,dovish
4525,0,6,-6,dovish
4526,0,2,-2,dovish
4527,0,6,-6,dovish
4529,0,3,-3,dovish
4530,0,2,-2,dovish
4531,0,7,-7,dovish
4547,0,7,-7,dovish
4552,0,4,-4,dovish
4553,0,3,-3,dovish
4562,0,9,-9,dovish
4570,0,2,-2,dovish
4572,0,2,-2,dovish
4581,0,3,-3,dovish
4584,0,7,-7,dovish
4585,0,12,-12,dovish
4586,0,2,-2,dovish
4588,0,11,-11,dovish
4590,0,2,-2,dovish
4592,0,4,-4,dovish
4595,0,9,-9,dovish
4596,0,2,-2,dovish
4601,0,8,-8,dovish
4603,0,20,-20,dovish
4605,0,4,-4,dovish
4609,0,3,-3,dovish
4611,0,5,-5,dovish
4618,0,2,-2,dovish
4626,0,4,-4,dovish
4627,0,11,-11,dovish
4633,4,0,4,hawkish
4635,0,42,-42,dovish
4643,0,10,-10,dovish
4646,0,11,-11,dovish
4655,0,4,-4,dovish
4659,0,3,-3,dovish
4663,0,8,-8,dovish
4664,0,2,-2,dovish
4665,2,0,2,hawkish
4672,0,9,-9,dovish
4673,0,8,-8,dovish
4677,0,2,-2,dovish
4688,0,7,-7,dovish
4693,0,3,-3,dovish
4702,0,5,-5,dovish
4703,0,4,-4,dovish
4704,0,31,-31,dovish
4707,0,4,-4,dovish
4714,0,6,-6,dovish
4715,0,4,-4,dovish
4726,0,8,-8,dovish
4727,0,3,-3,dovish
4729,0,9,-9,dovish
4730,0,3,-3,dovish
4731,0,8,-8,dovish
4749,0,7,-7,dovish
4754,0,4,-4,dovish
4756,0,3,-3,dovish
4766,0,2,-2,dovish
4774,0,2,-2,dovish
4775,3,0,3,hawkish
4777,0,3,-3,dovish
4785,0,2,-2,dovish
4788,0,5,-5,dovish
4790,0,7,-7,dovish
4791,0,3,-3,dovish
4795,0,5,-5,dovish
4800,0,5,-5,dovish
4808,0,2,-2,dovish
4813,0,4,-4,dovish
4816,0,2,-2,dovish
4823,0,4,-4,dovish
4828,0,10,-10,dovish
4832,0,2,-2,dovish
4833,0,7,-7,dovish
4834,0,2,-2,dovish
4846,0,2,-2,dovish
4847,0,10,-10,dovish
4849,0,2,-2,dovish
4851,0,4,-4,dovish
4852,0,8,-8,dovish
4853,0,7,-7,dovish
4868,0,20,-20,dovish
4878,0,10,-10,dovish
4880,0,8,-8,dovish
4882,0,10,-10,dovish
4888,0,4,-4,dovish
4891,0,11,-11,dovish
4892,0,5,-5,dovish
4895,0,2,-2,dovish
4899,0,7,-7,dovish
4917,0,2,-2,dovish
4919,0,4,-4,dovish
4921,0,2,-2,dovish
4922,0,14,-14,dovish
4927,0,3,-3,dovish
4931,0,2,-2,dovish
4932,0,6,-6,dovish
4933,0,3,-3,dovish
4934,0,8,-8,dovish
4938,0,2,-2,dovish
4947,0,2,-2,dovish
4948,0,4,-4,dovish
4956,0,2,-2,dovish
4958,0,15,-15,dovish
4963,0,4,-4,dovish
4964,0,2,-2,dovish
4968,0,3,-3,dovish
4969,0,4,-4,dovish
4971,0,2,-2,dovish
4976,0,18,-18,dovish
4984,0,4,-4,dovish
4986,0,6,-6,dovish
4994,0,2,-2,dovish
4997,0,7,-7,dovish
4999,0,4,-4,dovish
5002,0,6,-6,dovish
5007,0,8,-8,dovish
5010,0,7,-7,dovish
5011,0,6,-6,dovish
5016,0,5,-5,dovish
5017,0,6,-6,dovish
5032,0,17,-17,dovish
5037,0,3,-3,dovish
5038,0,9,-9,dovish
5042,0,2,-2,dovish
5047,0,2,-2,dovish
5051,0,5,-5,dovish
5072,0,2,-2,dovish
5084,0,5,-5,dovish
5099,0,2,-2,dovish
5100,0,9,-9,dovish
5105,0,4,-4,dovish
5107,0,2,-2,dovish
5108,0,13,-13,dovish
5111,0,6,-6,dovish
5113,0,2,-2,dovish
5118,0,2,-2,dovish
5121,0,7,-7,dovish
5124,0,3,-3,dovish
5129,0,4,-4,dovish
5131,0,2,-2,dovish
5135,4,0,4,hawkish
5136,0,5,-5,dovish
5155,0,4,-4,dovish
5159,0,2,-2,dovish
5166,6,0,6,hawkish
5172,0,5,-5,dovish
5185,0,8,-8,dovish
5191,0,7,-7,dovish
5195,0,7,-7,dovish
5198,0,4,-4,dovish
5201,0,8,-8,dovish
5204,0,4,-4,dovish
5221,2,0,2,hawkish
5227,0,6,-6,dovish
5231,0,2,-2,dovish
5235,0,8,-8,dovish
5247,0,5,-5,dovish
5249,0,5,-5,dovish
5250,0,4,-4,dovish
5251,0,2,-2,dovish
5265,0,2,-2,dovish
5267,0,3,-3,dovish
5268,0,2,-2,dovish
5271,0,6,-6,dovish
5276,0,3,-3,dovish
5277,0,2,-2,dovish
5287,0,15,-15,dovish
5288,0,7,-7,dovish
5290,0,9,-9,dovish
5292,2,0,2,hawkish
5294,0,3,-3,dovish
5305,0,2,-2,dovish
5309,0,3,-3,dovish
5318,0,3,-3,dovish
5319,6,0,6,hawkish
5320,0,2,-2,dovish
5328,0,2,-2,dovish
5329,0,6,-6,dovish
5331,0,2,-2,dovish
5332,0,5,-5,dovish
5334,0,7,-7,dovish
5336,0,4,-4,dovish
5350,2,0,2,hawkish
5355,0,3,-3,dovish
5362,0,2,-2,dovish
5363,0,3,-3,dovish
5371,0,3,-3,dovish
5376,0,7,-7,dovish
5384,0,2,-2,dovish
5399,0,2,-2,dovish
5402,0,3,-3,dovish
5407,0,3,-3,dovish
5415,0,2,-2,dovish
5421,0,2,-2,dovish
5444,0,2,-2,dovish
5446,0,9,-9,dovish
5449,2,0,2,hawkish
5450,2,0,2,hawkish
5455,0,2,-2,dovish
5458,4,0,4,hawkish
5466,0,15,-15,dovish
5469,0,2,-2,dovish
5479,0,2,-2,dovish
5482,0,10,-10,dovish
5483,0,6,-6,dovish
5498,2,0,2,hawkish
5505,0,5,-5,dovish
5506,7,0,7,hawkish
5511,4,0,4,hawkish
5514,0,8,-8,dovish
5519,6,0,6,hawkish
5540,3,0,3,hawkish
5542,0,2,-2,dovish
5548,0,2,-2,dovish
5558,6,0,6,hawkish
5560,0,5,-5,dovish
5563,0,4,-4,dovish
5567,0,2,-2,dovish
5573,0,9,-9,dovish
5575,0,3,-3,dovish
5580,0,18,-18,dovish
5585,0,4,-4,dovish
5605,2,0,2,hawkish
5613,0,5,-5,dovish
5622,0,2,-2,dovish
5629,0,5,-5,dovish
5630,0,3,-3,dovish
5641,0,6,-6,dovish
5642,0,3,-3,dovish
5645,0,3,-3,dovish
5646,0,3,-3,dovish
5653,0,4,-4,dovish
5655,0,3,-3,dovish
5658,0,9,-9,dovish
5667,0,2,-2,dovish
5668,0,3,-3,dovish
5672,0,7,-7,dovish
5674,0,4,-4,dovish
5675,0,4,-4,dovish
5680,0,4,-4,dovish
5684,2,0,2,hawkish
5689,0,2,-2,dovish
5700,2,0,2,hawkish
5701,2,0,2,hawkish
5709,0,17,-17,dovish
5710,0,3,-3,dovish
5712,0,2,-2,dovish
5739,3,0,3,hawkish
5750,0,2,-2,dovish
5755,0,2,-2,dovish
5760,0,7,-7,dovish
5770,2,0,2,hawkish
5773,0,7,-7,dovish
5775,0,3,-3,dovish
5777,0,6,-6,dovish
5781,0,3,-3,dovish
5785,0,9,-9,dovish
5791,0,4,-4,dovish
5792,0,2,-2,dovish
5797,0,4,-4,dovish
5798,3,0,3,hawkish
5801,2,0,2,hawkish
5804,0,5,-5,dovish
5808,3,0,3,hawkish
5814,0,6,-6,dovish
5816,0,2,-2,dovish
5819,0,2,-2,dovish
5821,0,2,-2,dovish
5835,0,3,-3,dovish
5839,0,2,-2,dovish
5845,0,3,-3,dovish
5852,0,3,-3,dovish
5854,4,0,4,hawkish
5856,0,2,-2,dovish
5868,0,2,-2,dovish
5871,0,4,-4,dovish
5872,0,2,-2,dovish
5876,0,5,-5,dovish
5878,3,0,3,hawkish
5880,4,0,4,hawkish
5881,0,5,-5,dovish
5885,0,3,-3,dovish
5888,0,8,-8,dovish
5900,0,2,-2,dovish
5902,5,0,5,hawkish
5915,2,0,2,hawkish
5928,0,2,-2,dovish
5932,0,6,-6,dovish
5938,0,4,-4,dovish
5945,0,4,-4,dovish
5948,0,3,-3,dovish
5954,0,3,-3,dovish
5961,2,0,2,hawkish
5971,0,2,-2,dovish
5974,2,0,2,hawkish
5985,0,7,-7,dovish
5991,0,4,-4,dovish
5993,0,5,-5,dovish
5998,3,0,3,hawkish
6003,0,4,-4,dovish
6014,2,0,2,hawkish
6023,0,2,-2,dovish
6028,0,3,-3,dovish
6029,3,0,3,hawkish
6042,0,2,-2,dovish
6043,0,4,-4,dovish
6045,0,2,-2,dovish
6047,0,6,-6,dovish
6048,2,0,2,hawkish
6061,0,3,-3,dovish
6066,0,3,-3,dovish
6076,2,0,2,hawkish
6087,2,0,2,hawkish
6092,0,3,-3,dovish
6094,2,0,2,hawkish
6111,0,2,-2,dovish
6112,0,3,-3,dovish
6114,0,2,-2,dovish
6119,0,4,-4,dovish
6122,0,5,-5,dovish
6125,0,5,-5,dovish
6126,0,3,-3,dovish
6127,0,5,-5,dovish
6133,0,7,-7,dovish
6134,0,2,-2,dovish
6139,2,0,2,hawkish
6148,4,0,4,hawkish
6168,0,2,-2,dovish
6174,0,2,-2,dovish
6180,0,2,-2,dovish
6188,0,2,-2,dovish
6192,0,2,-2,dovish
6198,0,10,-10,dovish
6212,0,5,-5,dovish
6223,0,2,-2,dovish
6225,5,0,5,hawkish
6226,0,3,-3,dovish
6241,2,0,2,hawkish
6249,0,4,-4,dovish
6253,0,5,-5,dovish
6254,0,7,-7,dovish
6257,0,6,-6,dovish
6259,0,2,-2,dovish
6260,0,5,-5,dovish
6268,0,4,-4,dovish
6288,0,8,-8,dovish
6289,2,0,2,hawkish
6291,0,2,-2,dovish
6294,0,4,-4,dovish
6306,0,15,-15,dovish
6313,0,2,-2,dovish
6317,0,5,-5,dovish
6319,0,10,-10,dovish
6322,0,5,-5,dovish
6338,0,5,-5,dovish
6347,0,6,-6,dovish
6350,0,2,-2,dovish
6352,0,5,-5,dovish
6357,0,9,-9,dovish
6359,0,17,-17,dovish
6365,0,5,-5,dovish
6373,0,10,-10,dovish
6380,0,11,-11,dovish
6388,0,13,-13,dovish
6390,0,3,-3,dovish
6391,0,2,-2,dovish
6394,0,7,-7,dovish
6396,0,3,-3,dovish
6403,0,11,-11,dovish
6404,0,2,-2,dovish
6408,4,0,4,hawkish
6409,0,12,-12,dovish
6420,2,0,2,hawkish
6422,0,3,-3,dovish
6434,0,2,-2,dovish
6437,0,2,-2,dovish
6442,0,4,-4,dovish
6446,0,2,-2,dovish
6447,0,2,-2,dovish
6456,0,16,-16,dovish
6457,0,20,-20,dovish
6465,0,3,-3,dovish
6491,0,2,-2,dovish
6497,0,2,-2,dovish
6498,0,11,-11,dovish
6521,3,0,3,hawkish
6536,0,2,-2,dovish
6541,0,12,-12,dovish
6553,0,12,-12,dovish
6554,0,2,-2,dovish
6561,2,0,2,hawkish
6563,0,2,-2,dovish
6567,0,6,-6,dovish
6568,0,2,-2,dovish
6569,0,4,-4,dovish
6570,0,2,-2,dovish
6572,0,2,-2,dovish
6573,0,3,-3,dovish
6578,0,2,-2,dovish
6588,0,2,-2,dovish
6590,0,7,-7,dovish
6591,0,2,-2,dovish
6595,0,2,-2,dovish
6600,0,2,-2,dovish
6601,4,0,4,hawkish
6604,0,3,-3,dovish
6606,10,0,10,hawkish
6614,3,0,3,hawkish
6616,2,0,2,hawkish
6625,2,0,2,hawkish
6632,0,10,-10,dovish
6633,0,7,-7,dovish
6656,0,2,-2,dovish
6660,0,6,-6,dovish
6665,0,10,-10,dovish
6667,0,2,-2,dovish
6670,0,4,-4,dovish
6674,0,6,-6,dovish
6678,0,34,-34,dovish
6679,0,2,-2,dovish
6681,0,8,-8,dovish
6685,0,6,-6,dovish
6697,0,5,-5,dovish
6700,0,2,-2,dovish
6701,0,5,-5,dovish
6707,0,4,-4,dovish
6719,0,2,-2,dovish
6721,0,2,-2,dovish
6726,0,4,-4,dovish
6728,0,2,-2,dovish
6729,2,0,2,hawkish
6743,0,2,-2,dovish
6747,0,3,-3,dovish
6748,0,2,-2,dovish
6756,5,0,5,hawkish
6757,0,2,-2,dovish
6764,0,14,-14,dovish
6769,0,5,-5,dovish
6775,0,3,-3,dovish
6789,0,9,-9,dovish
6790,0,7,-7,dovish
6806,0,2,-2,dovish
6813,0,2,-2,dovish
6823,0,2,-2,dovish
6827,0,2,-2,dovish
6828,0,7,-7,dovish
6833,0,7,-7,dovish
6859,0,8,-8,dovish
6867,4,0,4,hawkish
6870,0,5,-5,dovish
6896,0,2,-2,dovish
6898,2,0,2,hawkish
6912,0,8,-8,dovish
6913,0,3,-3,dovish
6916,0,4,-4,dovish
6921,6,0,6,hawkish
6932,0,3,-3,dovish
6933,0,5,-5,dovish
6938,0,24,-24,dovish
6940,0,7,-7,dovish
6943,4,0,4,hawkish
6946,0,2,-2,dovish
6952,0,3,-3,dovish
6960,0,19,-19,dovish
6980,3,0,3,hawkish
6982,0,7,-7,dovish
6991,0,11,-11,dovish
6995,2,0,2,hawkish
7001,0,5,-5,dovish
7004,0,2,-2,dovish
7008,0,6,-6,dovish
7011,4,0,4,hawkish
7015,0,2,-2,dovish
7017,0,2,-2,dovish
7020,0,5,-5,dovish
7029,0,6,-6,dovish
7037,0,2,-2,dovish
7045,2,0,2,hawkish
7046,0,3,-3,dovish
7049,0,6,-6,dovish
7053,0,4,-4,dovish
7061,0,6,-6,dovish
7063,0,5,-5,dovish
7064,0,5,-5,dovish
7069,0,2,-2,dovish
7072,2,0,2,hawkish
7079,0,9,-9,dovish
7085,0,2,-2,dovish
7086,0,6,-6,dovish
7088,0,8,-8,dovish
7093,0,2,-2,dovish
7095,0,5,-5,dovish
7098,0,2,-2,dovish
7110,0,3,-3,dovish
7114,0,6,-6,dovish
7115,0,3,-3,dovish
7116,0,4,-4,dovish
7118,0,3,-3,dovish
7130,6,0,6,hawkish
7139,0,6,-6,dovish
7145,0,20,-20,dovish
7151,0,9,-9,dovish
7158,0,4,-4,dovish
7166,0,4,-4,dovish
7169,0,3,-3,dovish
7173,0,3,-3,dovish
7175,0,2,-2,dovish
7179,0,2,-2,dovish
7184,0,5,-5,dovish
7197,0,2,-2,dovish
7203,4,0,4,hawkish
7211,0,3,-3,dovish
7212,0,2,-2,dovish
7213,0,2,-2,dovish
7219,0,2,-2,dovish
7253,0,4,-4,dovish
7256,0,5,-5,dovish
7257,0,2,-2,dovish
7259,0,2,-2,dovish
7265,0,15,-15,dovish
7266,0,3,-3,dovish
7269,0,3,-3,dovish
7270,0,15,-15,dovish
7279,8,0,8,hawkish
7280,0,9,-9,dovish
7287,0,3,-3,dovish
7297,0,5,-5,dovish
7298,0,5,-5,dovish
7310,0,2,-2,dovish
7315,7,0,7,hawkish
7322,0,2,-2,dovish
7324,0,12,-12,dovish
7327,0,6,-6,dovish
7341,0,4,-4,dovish
7346,0,2,-2,dovish
7363,0,19,-19,dovish
7366,0,6,-6,dovish
7367,0,2,-2,dovish
7370,2,0,2,hawkish
7376,2,0,2,hawkish
7377,0,3,-3,dovish
7384,0,18,-18,dovish
7390,0,3,-3,dovish
7391,0,2,-2,dovish
7399,0,3,-3,dovish
7400,0,7,-7,dovish
7401,0,7,-7,dovish
7402,0,6,-6,dovish
7403,3,0,3,hawkish
7406,0,3,-3,dovish
7419,0,2,-2,dovish
7424,0,6,-6,dovish
7433,3,0,3,hawkish
7434,0,9,-9,dovish
7439,0,3,-3,dovish
7446,0,2,-2,dovish
7448,2,0,2,hawkish
7453,0,3,-3,dovish
7456,0,2,-2,dovish
7457,0,10,-10,dovish
7463,0,10,-10,dovish
7478,0,7,-7,dovish
7482,0,32,-32,dovish
7485,0,27,-27,dovish
7487,0,4,-4,dovish
7491,0,2,-2,dovish
7493,2,0,2,hawkish
7494,0,12,-12,dovish
7502,0,4,-4,dovish
7508,0,3,-3,dovish
7509,2,0,2,hawkish
7510,0,2,-2,dovish
7513,0,7,-7,dovish
7516,2,0,2,hawkish
7518,0,13,-13,dovish
7524,2,0,2,hawkish
7525,0,2,-2,dovish
7532,0,2,-2,dovish
7539,2,0,2,hawkish
7551,0,6,-6,dovish
7553,0,20,-20,dovish
7555,0,4,-4,dovish
7556,0,2,-2,dovish
7558,0,3,-3,dovish
7559,0,5,-5,dovish
7580,2,0,2,hawkish
7586,0,3,-3,dovish
7592,0,16,-16,dovish
7596,0,5,-5,dovish
7599,0,15,-15,dovish
7601,0,3,-3,dovish
7604,0,3,-3,dovish
7606,0,2,-2,dovish
7610,0,5,-5,dovish
7613,0,3,-3,dovish
7620,0,3,-3,dovish
7622,0,12,-12,dovish
7625,0,3,-3,dovish
7630,0,2,-2,dovish
7635,0,2,-2,dovish
7642,0,10,-10,dovish
7647,0,7,-7,dovish
7648,0,4,-4,dovish
7670,0,14,-14,dovish
7681,0,2,-2,dovish
7687,3,0,3,hawkish
7695,0,2,-2,dovish
7697,0,49,-49,dovish
7703,0,3,-3,dovish
7708,0,2,-2,dovish
7709,0,47,-47,dovish
7714,0,2,-2,dovish
7727,0,4,-4,dovish
7734,0,3,-3,dovish
7760,3,0,3,hawkish
7766,0,2,-2,dovish
7767,0,9,-9,dovish
7769,0,2,-2,dovish
7772,0,2,-2,dovish
7774,0,4,-4,dovish
7791,0,9,-9,dovish
7792,0,4,-4,dovish
7797,0,13,-13,dovish
7806,0,4,-4,dovish
7830,0,5,-5,dovish
7838,0,9,-9,dovish
7839,0,2,-2,dovish
7849,0,7,-7,dovish
7860,0,4,-4,dovish
7862,0,11,-11,dovish
7899,0,2,-2,dovish
7902,0,3,-3,dovish
7907,0,2,-2,dovish
7909,0,3,-3,dovish
7916,0,2,-2,dovish
7917,0,4,-4,dovish
7918,0,2,-2,dovish
7922,0,4,-4,dovish
7929,2,0,2,hawkish
7937,0,3,-3,dovish
7941,0,6,-6,dovish
7943,0,4,-4,dovish
7963,2,0,2,hawkish
7969,0,2,-2,dovish
7970,0,5,-5,dovish
7971,0,4,-4,dovish
7987,0,2,-2,dovish
8006,0,4,-4,dovish
8011,0,9,-9,dovish
8017,0,29,-29,dovish
8027,0,6,-6,dovish
8032,0,2,-2,dovish
8039,0,6,-6,dovish
8053,0,2,-2,dovish
8057,0,3,-3,dovish
8059,0,5,-5,dovish
8063,2,0,2,hawkish
8068,0,15,-15,dovish
8076,0,3,-3,dovish
8077,2,0,2,hawkish
8084,0,2,-2,dovish
8087,0,15,-15,dovish
8088,2,0,2,hawkish
8089,0,5,-5,dovish
8094,0,4,-4,dovish
8095,0,3,-3,dovish
8096,0,7,-7,dovish
8098,0,3,-3,dovish
8101,0,4,-4,dovish
8105,0,9,-9,dovish
8126,0,24,-24,dovish
8129,0,7,-7,dovish
8131,0,9,-9,dovish
8138,0,11,-11,dovish
8148,0,16,-16,dovish
8151,2,0,2,hawkish
8153,0,4,-4,dovish
8161,0,2,-2,dovish
8162,0,3,-3,dovish
8170,0,2,-2,dovish
8171,0,2,-2,dovish
8175,0,5,-5,dovish
8176,0,5,-5,dovish
8183,0,3,-3,dovish
8201,0,4,-4,dovish
8206,0,2,-2,dovish
8208,0,16,-16,dovish
8212,0,6,-6,dovish
8218,0,2,-2,dovish
8224,7,0,7,hawkish
8227,0,4,-4,dovish
8228,0,5,-5,dovish
8244,0,2,-2,dovish
8245,3,0,3,hawkish
8249,0,4,-4,dovish
8251,0,2,-2,dovish
8252,0,2,-2,dovish
8258,0,7,-7,dovish
8259,0,2,-2,dovish
8261,3,0,3,hawkish
8263,0,11,-11,dovish
8270,0,3,-3,dovish
8271,0,7,-7,dovish
8278,0,4,-4,dovish
8280,0,14,-14,dovish
8285,0,11,-11,dovish
8287,0,39,-39,dovish
8289,0,4,-4,dovish
8295,0,14,-14,dovish
8302,0,4,-4,dovish
8313,0,15,-15,dovish
8314,0,7,-7,dovish
8317,0,2,-2,dovish
8332,0,7,-7,dovish
8342,0,3,-3,dovish
8344,0,17,-17,dovish
8359,0,3,-3,dovish
8377,0,2,-2,dovish
8382,0,2,-2,dovish
8383,0,4,-4,dovish
8390,0,2,-2,dovish
8392,0,2,-2,dovish
8394,0,27,-27,dovish
8408,0,7,-7,dovish
8414,0,10,-10,dovish
8416,0,3,-3,dovish
8426,0,4,-4,dovish
8430,0,11,-11,dovish
8432,0,7,-7,dovish
8437,0,5,-5,dovish
8442,0,2,-2,dovish
8446,0,2,-2,dovish
8449,0,3,-3,dovish
8460,6,0,6,hawkish
8461,0,2,-2,dovish
8464,0,5,-5,dovish
8466,4,0,4,hawkish
8468,0,5,-5,dovish
8471,0,4,-4,dovish
8474,0,2,-2,dovish
8478,0,2,-2,dovish
8479,0,23,-23,dovish
8486,0,5,-5,dovish
8490,0,7,-7,dovish
8491,0,4,-4,dovish
8494,0,13,-13,dovish
8499,0,2,-2,dovish
8500,0,3,-3,dovish
8502,0,7,-7,dovish
8528,0,3,-3,dovish
8533,0,10,-10,dovish
8537,0,6,-6,dovish
8557,0,9,-9,dovish
8558,0,3,-3,dovish
8562,0,2,-2,dovish
8563,0,5,-5,dovish
8571,2,0,2,hawkish
8574,0,2,-2,dovish
8579,0,8,-8,dovish
8585,0,13,-13,dovish
8588,0,5,-5,dovish
8589,0,2,-2,dovish
8595,0,2,-2,dovish
8598,0,3,-3,dovish
8601,0,14,-14,dovish
8602,0,4,-4,dovish
8607,0,7,-7,dovish
8609,2,0,2,hawkish
8621,0,3,-3,dovish
8634,0,19,-19,dovish
8635,0,13,-13,dovish
8644,0,6,-6,dovish
8646,0,4,-4,dovish
8651,0,2,-2,dovish
8654,0,2,-2,dovish
8659,0,18,-18,dovish
8663,0,3,-3,dovish
8665,0,19,-19,dovish
8669,0,3,-3,dovish
8670,0,2,-2,dovish
8677,5,0,5,hawkish
8679,0,2,-2,dovish
8680,0,3,-3,dovish
8681,0,2,-2,dovish
8688,0,22,-22,dovish
8691,0,2,-2,dovish
8692,0,12,-12,dovish
8696,0,13,-13,dovish
8700,0,3,-3,dovish
8708,0,6,-6,dovish
8710,0,6,-6,dovish
8711,0,7,-7,dovish
8713,0,2,-2,dovish
8717,0,6,-6,dovish
8719,3,0,3,hawkish
8724,0,21,-21,dovish
8739,0,5,-5,dovish
8740,0,9,-9,dovish
8745,3,0,3,hawkish
8747,2,0,2,hawkish
8751,3,0,3,hawkish
8758,0,3,-3,dovish
8760,0,4,-4,dovish
8763,0,6,-6,dovish
8768,0,10,-10,dovish
8776,0,5,-5,dovish
8787,0,2,-2,dovish
8793,0,8,-8,dovish
8799,0,3,-3,dovish
8802,0,7,-7,dovish
8805,0,5,-5,dovish
8807,0,6,-6,dovish
8815,0,28,-28,dovish
8818,0,16,-16,dovish
8822,0,2,-2,dovish
8826,0,2,-2,dovish
8831,0,8,-8,dovish
8836,0,2,-2,dovish
8837,0,3,-3,dovish
8838,0,3,-3,dovish
8842,0,9,-9,dovish
8844,0,3,-3,dovish
8849,0,12,-12,dovish
8859,0,7,-7,dovish
8870,0,8,-8,dovish
8887,0,7,-7,dovish
8894,0,5,-5,dovish
8895,0,3,-3,dovish
8901,0,4,-4,dovish
8914,0,2,-2,dovish
8922,0,4,-4,dovish
8925,0,2,-2,dovish
8929,0,6,-6,dovish
8933,0,33,-33,dovish
8935,0,3,-3,dovish
8950,0,13,-13,dovish
8955,0,2,-2,dovish
8957,0,5,-5,dovish
8963,0,2,-2,dovish
8964,0,3,-3,dovish
8965,0,5,-5,dovish
8966,0,2,-2,dovish
8968,0,2,-2,dovish
8969,0,4,-4,dovish
8971,0,8,-8,dovish
8974,0,2,-2,dovish
8987,0,8,-8,dovish
9012,0,2,-2,dovish
9015,0,2,-2,dovish
9021,0,2,-2,dovish
9026,0,2,-2,dovish
9030,0,6,-6,dovish
9033,0,2,-2,dovish
9037,0,2,-2,dovish
9038,0,14,-14,dovish
9039,0,5,-5,dovish
9043,0,6,-6,dovish
9050,0,3,-3,dovish
9051,0,3,-3,dovish
9062,0,25,-25,dovish
9066,0,3,-3,dovish
9067,0,2,-2,dovish
9074,2,0,2,hawkish
9075,2,0,2,hawkish
9077,0,2,-2,dovish
9079,0,15,-15,dovish
9081,0,18,-18,dovish
9083,0,2,-2,dovish
9089,0,2,-2,dovish
9090,0,2,-2,dovish
9114,0,5,-5,dovish
9115,0,3,-3,dovish
9119,0,8,-8,dovish
9124,0,2,-2,dovish
9125,0,4,-4,dovish
9127,0,8,-8,dovish
9145,3,0,3,hawkish
9162,0,2,-2,dovish
9178,0,5,-5,dovish
9184,0,4,-4,dovish
9187,0,9,-9,dovish
9190,0,18,-18,dovish
9201,0,2,-2,dovish
9202,0,3,-3,dovish
9206,0,3,-3,dovish
9219,0,10,-10,dovish
9226,0,2,-2,dovish
9228,2,0,2,hawkish
9232,0,4,-4,dovish
9239,0,5,-5,dovish
9241,0,10,-10,dovish
9242,2,0,2,hawkish
9243,0,5,-5,dovish
9247,0,3,-3,dovish
9252,0,3,-3,dovish
9255,0,2,-2,dovish
9280,0,2,-2,dovish
9286,2,0,2,hawkish
9305,0,5,-5,dovish
9311,0,2,-2,dovish
9323,0,11,-11,dovish
9326,0,12,-12,dovish
9327,2,0,2,hawkish
9331,0,2,-2,dovish
9335,0,6,-6,dovish
9344,0,2,-2,dovish
9345,0,2,-2,dovish
9347,0,5,-5,dovish
9357,0,2,-2,dovish
9373,0,3,-3,dovish
9379,0,12,-12,dovish
9386,0,8,-8,dovish
9394,0,7,-7,dovish
9400,0,3,-3,dovish
9404,3,0,3,hawkish
9406,0,3,-3,dovish
9410,0,14,-14,dovish
9412,3,0,3,hawkish
9419,2,0,2,hawkish
9420,0,3,-3,dovish
9430,0,5,-5,dovish
9437,0,5,-5,dovish
9442,0,4,-4,dovish
9461,0,2,-2,dovish
9465,0,2,-2,dovish
9468,0,9,-9,dovish
9469,0,3,-3,dovish
9473,0,2,-2,dovish
9476,0,2,-2,dovish
9477,0,4,-4,dovish
9479,0,2,-2,dovish
9487,0,5,-5,dovish
9492,0,3,-3,dovish
9503,0,2,-2,dovish
9505,0,2,-2,dovish
9508,0,3,-3,dovish
9512,0,10,-10,dovish
9514,0,9,-9,dovish
9515,0,5,-5,dovish
9522,0,5,-5,dovish
9525,0,2,-2,dovish
9528,0,2,-2,dovish
9530,0,3,-3,dovish
9532,0,9,-9,dovish
9543,0,2,-2,dovish
9547,0,2,-2,dovish
9553,0,3,-3,dovish
9563,0,4,-4,dovish
9566,0,3,-3,dovish
9568,0,2,-2,dovish
9573,0,4,-4,dovish
9574,0,8,-8,dovish
9576,0,2,-2,dovish
9589,0,2,-2,dovish
9597,0,2,-2,dovish
9606,0,2,-2,dovish
9612,0,14,-14,dovish
9618,0,3,-3,dovish
9619,0,2,-2,dovish
9623,0,3,-3,dovish
9625,0,5,-5,dovish
9634,2,0,2,hawkish
9641,0,5,-5,dovish
9647,0,4,-4,dovish
9658,2,0,2,hawkish
9665,0,2,-2,dovish
9666,0,5,-5,dovish
9667,0,2,-2,dovish
9682,0,2,-2,dovish
9686,0,10,-10,dovish
9687,0,10,-10,dovish
9689,0,2,-2,dovish
9696,0,7,-7,dovish
9705,0,2,-2,dovish
9707,0,5,-5,dovish
9715,0,2,-2,dovish
9717,0,8,-8,dovish
9718,0,2,-2,dovish
9725,2,0,2,hawkish
9726,0,12,-12,dovish
9728,0,3,-3,dovish
9742,0,21,-21,dovish
9744,0,2,-2,dovish
9746,0,11,-11,dovish
9748,0,6,-6,dovish
9757,0,2,-2,dovish
9764,0,2,-2,dovish
9779,0,5,-5,dovish
9782,0,5,-5,dovish
9790,0,9,-9,dovish
9793,0,2,-2,dovish
9797,0,3,-3,dovish
9798,2,0,2,hawkish
9805,0,4,-4,dovish
9809,0,5,-5,dovish
9812,0,4,-4,dovish
9814,0,5,-5,dovish
9818,0,9,-9,dovish
9819,0,6,-6,dovish
9820,0,14,-14,dovish
9824,0,9,-9,dovish
9829,0,6,-6,dovish
9830,0,5,-5,dovish
9832,0,3,-3,dovish
9843,0,4,-4,dovish
9850,0,2,-2,dovish
9853,0,3,-3,dovish
9860,0,3,-3,dovish
9868,2,0,2,hawkish
9872,2,0,2,hawkish
9881,0,2,-2,dovish
9882,0,3,-3,dovish
9896,0,2,-2,dovish
9897,0,7,-7,dovish
9899,0,5,-5,dovish
9906,0,2,-2,dovish
9912,0,9,-9,dovish
9922,0,5,-5,dovish
9929,0,2,-2,dovish
9940,0,2,-2,dovish
9941,0,3,-3,dovish
9944,0,13,-13,dovish
9953,3,0,3,hawkish
9963,0,7,-7,dovish
9973,0,4,-4,dovish
9977,0,2,-2,dovish
9978,0,3,-3,dovish
9981,0,2,-2,dovish
9986,0,5,-5,dovish
9998,0,2,-2,dovish
10006,0,2,-2,dovish
10017,0,8,-8,dovish
10025,0,3,-3,dovish
10035,0,3,-3,dovish
10043,0,2,-2,dovish
10046,0,3,-3,dovish
10050,0,2,-2,dovish
10055,0,4,-4,dovish
10058,0,6,-6,dovish
10061,8,0,8,hawkish
10065,0,16,-16,dovish
10070,0,3,-3,dovish
10072,0,6,-6,dovish
10088,0,2,-2,dovish
10091,0,4,-4,dovish
10095,0,4,-4,dovish
10105,0,3,-3,dovish
10106,0,3,-3,dovish
10107,0,2,-2,dovish
10108,0,4,-4,dovish
10109,0,12,-12,dovish
10118,0,3,-3,dovish
10122,0,3,-3,dovish
10123,0,3,-3,dovish
10129,4,0,4,hawkish
10133,0,2,-2,dovish
10134,0,4,-4,dovish
10159,0,6,-6,dovish
10165,0,2,-2,dovish
10166,0,4,-4,dovish
10168,4,0,4,hawkish
10179,0,4,-4,dovish
10181,0,4,-4,dovish
10208,3,0,3,hawkish
10219,2,0,2,hawkish
10246,2,0,2,hawkish
10258,0,4,-4,dovish
10263,2,0,2,hawkish
10279,0,2,-2,dovish
10286,0,2,-2,dovish
10296,0,4,-4,dovish
10302,0,2,-2,dovish
10334,0,2,-2,dovish
10355,0,6,-6,dovish
10358,8,0,8,hawkish
10370,0,2,-2,dovish
10383,2,0,2,hawkish
10384,0,2,-2,dovish
10386,0,5,-5,dovish
10387,5,0,5,hawkish
10395,0,4,-4,dovish
10398,5,0,5,hawkish
10403,0,2,-2,dovish
10413,0,12,-12,dovish
10422,6,0,6,hawkish
10425,2,0,2,hawkish
10433,0,10,-10,dovish
10505,0,3,-3,dovish
10509,0,2,-2,dovish
10514,13,0,13,hawkish
10528,0,4,-4,dovish
10539,0,5,-5,dovish
10542,6,0,6,hawkish
10547,0,3,-3,dovish
10563,0,3,-3,dovish
10571,0,2,-2,dovish
10574,7,0,7,hawkish
10575,0,5,-5,dovish
10583,0,2,-2,dovish
10586,0,2,-2,dovish
10603,0,2,-2,dovish
10609,4,0,4,hawkish
10617,0,5,-5,dovish
10656,0,2,-2,dovish
10657,2,0,2,hawkish
10673,0,13,-13,dovish
10695,0,2,-2,dovish
10701,0,2,-2,dovish
10704,0,3,-3,dovish
10710,3,0,3,hawkish
10722,0,2,-2,dovish
10727,2,0,2,hawkish
10735,7,0,7,hawkish
10738,0,2,-2,dovish
10745,16,0,16,hawkish
10762,0,3,-3,dovish
10774,0,2,-2,dovish
10777,2,0,2,hawkish
10782,0,2,-2,dovish
10800,0,3,-3,dovish
10801,0,6,-6,dovish
10817,0,2,-2,dovish
10823,3,0,3,hawkish
10840,0,4,-4,dovish
10851,0,2,-2,dovish
10853,3,0,3,hawkish
10859,0,2,-2,dovish
10861,0,3,-3,dovish
10870,0,15,-15,dovish
10873,0,8,-8,dovish
10877,3,0,3,hawkish
10878,0,5,-5,dovish
10879,0,2,-2,dovish
10880,0,7,-7,dovish
10881,0,12,-12,dovish
10887,0,8,-8,dovish
10890,0,3,-3,dovish
10894,0,7,-7,dovish
10896,0,2,-2,dovish
10908,0,3,-3,dovish
10922,5,0,5,hawkish
10940,0,12,-12,dovish
10948,0,4,-4,dovish
10951,0,4,-4,dovish
10952,0,10,-10,dovish
10953,0,6,-6,dovish
10958,0,4,-4,dovish
10959,5,0,5,hawkish
10964,0,2,-2,dovish
10970,0,4,-4,dovish
10971,0,2,-2,dovish
10979,0,3,-3,dovish
10980,0,2,-2,dovish
10983,0,3,-3,dovish
10986,0,11,-11,dovish
10989,0,6,-6,dovish
10994,0,7,-7,dovish
10996,0,7,-7,dovish
11011,0,13,-13,dovish
11018,0,2,-2,dovish
11025,0,7,-7,dovish
11028,0,5,-5,dovish
11029,0,3,-3,dovish
11037,0,2,-2,dovish
11041,0,6,-6,dovish
11042,0,2,-2,dovish
11052,0,3,-3,dovish
11054,0,5,-5,dovish
11065,3,0,3,hawkish
11073,2,0,2,hawkish
11087,5,0,5,hawkish
11107,0,7,-7,dovish
11110,0,2,-2,dovish
11132,0,3,-3,dovish
11151,3,0,3,hawkish
11153,3,0,3,hawkish
11154,2,0,2,hawkish
11163,0,5,-5,dovish
11176,0,2,-2,dovish
11179,0,3,-3,dovish
11210,0,2,-2,dovish
11219,3,0,3,hawkish
11234,0,2,-2,dovish
11240,0,4,-4,dovish
11246,2,0,2,hawkish
11247,0,4,-4,dovish
11250,3,0,3,hawkish
11251,0,4,-4,dovish
11255,0,8,-8,dovish
11257,5,0,5,hawkish
11270,0,2,-2,dovish
11274,0,2,-2,dovish
11287,3,0,3,hawkish
11290,0,5,-5,dovish
11295,0,2,-2,dovish
11303,0,3,-3,dovish
11304,0,2,-2,dovish
11305,0,2,-2,dovish
11327,0,2,-2,dovish
11331,2,0,2,hawkish
11332,0,4,-4,dovish
11336,0,3,-3,dovish
11340,0,4,-4,dovish
11346,0,3,-3,dovish
11349,0,8,-8,dovish
11360,0,4,-4,dovish
11365,0,5,-5,dovish
11367,0,4,-4,dovish
11368,2,0,2,hawkish
11391,0,2,-2,dovish
11394,0,3,-3,dovish
11398,0,3,-3,dovish
11402,0,5,-5,dovish
11403,0,6,-6,dovish
11406,0,2,-2,dovish
11411,0,11,-11,dovish
11418,2,0,2,hawkish
11419,0,4,-4,dovish
11431,8,0,8,hawkish
11433,0,6,-6,dovish
11438,5,0,5,hawkish
11439,0,7,-7,dovish
11440,0,4,-4,dovish
11444,2,0,2,hawkish
11455,0,7,-7,dovish
11460,0,3,-3,dovish
11461,3,0,3,hawkish
11464,0,3,-3,dovish
11468,0,26,-26,dovish
11470,0,2,-2,dovish
11482,2,0,2,hawkish
11485,0,8,-8,dovish
11487,0,4,-4,dovish
11496,0,23,-23,dovish
11498,0,4,-4,dovish
11501,0,5,-5,dovish
11502,0,2,-2,dovish
11503,0,11,-11,dovish
11505,0,3,-3,dovish
11507,0,6,-6,dovish
11516,0,7,-7,dovish
11520,0,3,-3,dovish
11521,0,3,-3,dovish
11524,0,3,-3,dovish
11530,0,2,-2,dovish
11532,2,0,2,hawkish
11537,0,9,-9,dovish
11546,0,6,-6,dovish
11549,0,2,-2,dovish
11556,0,4,-4,dovish
11561,0,7,-7,dovish
11562,0,5,-5,dovish
11564,0,2,-2,dovish
11572,0,11,-11,dovish
11577,0,2,-2,dovish
11578,0,4,-4,dovish
11585,0,3,-3,dovish
11588,0,2,-2,dovish
11589,0,5,-5,dovish
11593,4,0,4,hawkish
11601,0,4,-4,dovish
11618,0,12,-12,dovish
11632,0,8,-8,dovish
11633,0,3,-3,dovish
11641,0,2,-2,dovish
11648,0,10,-10,dovish
11651,0,6,-6,dovish
11660,0,7,-7,dovish
11661,0,5,-5,dovish
11668,0,3,-3,dovish
11670,2,0,2,hawkish
11671,0,2,-2,dovish
11679,0,4,-4,dovish
11680,2,0,2,hawkish
11686,0,3,-3,dovish
11688,0,8,-8,dovish
11692,5,0,5,hawkish
11694,3,0,3,hawkish
11695,3,0,3,hawkish
11696,0,8,-8,dovish
11697,0,11,-11,dovish
11699,0,8,-8,dovish
11703,0,8,-8,dovish
11706,0,10,-10,dovish
11708,0,2,-2,dovish
11711,0,6,-6,dovish
11714,0,2,-2,dovish
11715,0,7,-7,dovish
11719,3,0,3,hawkish
11722,0,12,-12,dovish
11729,0,2,-2,dovish
11734,0,3,-3,dovish
11738,0,2,-2,dovish
11740,0,2,-2,dovish
11743,0,10,-10,dovish
